order_id,customer_id,product_id,vendor_id,quantity,order_date,status
1,70,90,15,1,2026-08-05,delivered
2,33,62,12,1,2026-05-02,cancelled
3,1,21,21,1,2024-03-20,shipped
4,52,98,23,3,2025-04-16,delivered
5,13,40,15,2,2026-07-11,shipped
6,20,26,1,1,2026-04-20,delivered
7,41,70,20,1,2026-06-29,pending
8,45,92,17,2,2026-08-03,delivered
9,72,40,15,2,2025-09-17,delivered
10,91,27,2,2,2025-04-04,delivered
11,99,55,5,2,2024-03-30,pending
12,58,31,6,1,2025-09-23,shipped
13,92,8,8,3,2024-04-07,shipped
14,23,36,11,1,2026-01-18,shipped
15,73,36,11,1,2025-11-09,delivered
16,77,67,17,1,2026-09-08,delivered
17,4,47,22,2,2026-09-08,delivered
18,69,76,1,2,2024-06-23,shipped
19,40,17,17,1,2024-04-16,delivered
20,26,41,16,2,2025-03-06,delivered
21,40,26,1,1,2024-09-15,shipped
22,12,59,9,1,2025-07-28,pending
23,4,84,9,1,2025-09-07,shipped
24,39,83,8,1,2025-02-01,shipped
25,95,18,18,1,2026-04-22,shipped
26,16,56,6,1,2025-09-14,delivered
27,28,3,3,1,2026-06-02,delivered
28,60,56,6,4,2026-07-27,delivered
29,29,87,12,1,2026-09-08,delivered
30,86,84,9,1,2026-09-01,shipped
31,62,70,20,1,2024-05-01,delivered
32,5,10,10,2,2025-11-27,delivered
33,89,63,13,1,2026-05-03,pending
34,28,7,7,2,2026-06-16,delivered
35,82,22,22,1,2025-03-06,shipped
36,52,54,4,1,2023-08-27,shipped
37,93,54,4,2,2026-08-28,shipped
38,28,2,2,2,2026-05-14,shipped
39,32,21,21,3,2025-06-11,pending
40,47,42,17,3,2025-09-20,shipped
41,10,20,20,1,2026-02-03,shipped
42,14,100,25,1,2026-08-25,shipped
43,51,71,21,1,2026-01-27,shipped
44,36,47,22,3,2025-10-07,shipped
45,74,44,19,4,2026-09-11,pending
46,12,95,20,1,2023-10-25,delivered
47,78,12,12,2,2026-07-29,shipped
48,20,87,12,1,2026-07-14,shipped
49,29,38,13,1,2025-07-22,delivered
50,13,39,14,1,2025-03-04,delivered
51,65,30,5,1,2025-04-22,delivered
52,47,36,11,2,2023-04-04,shipped
53,4,28,3,2,2026-01-22,delivered
54,49,93,18,1,2026-08-19,shipped
55,35,19,19,2,2025-06-20,delivered
56,56,54,4,3,2025-08-18,shipped
57,68,18,18,1,2025-12-26,delivered
58,61,14,14,1,2026-07-08,shipped
59,18,31,6,1,2025-12-04,shipped
60,39,84,9,2,2024-12-19,delivered
61,36,41,16,1,2025-06-16,delivered
62,44,83,8,1,2026-02-20,delivered
63,54,99,24,1,2025-06-19,delivered
64,10,8,8,1,2026-05-09,delivered
65,24,48,23,1,2024-09-02,delivered
66,69,74,24,2,2023-05-29,pending
67,21,43,18,1,2026-04-16,delivered
68,83,69,19,1,2026-05-11,delivered
69,2,59,9,1,2025-07-15,shipped
70,47,63,13,1,2024-03-31,delivered
71,74,79,4,1,2026-09-10,cancelled
72,77,35,10,3,2026-08-05,shipped
73,51,28,3,2,2025-03-31,delivered
74,17,17,17,1,2024-01-16,delivered
75,93,72,22,2,2026-02-28,shipped
76,60,35,10,1,2025-10-18,delivered
77,84,41,16,1,2026-02-19,delivered
78,91,89,14,1,2025-03-10,delivered
79,36,10,10,2,2026-06-09,delivered
80,45,14,14,1,2026-07-01,delivered
81,49,94,19,1,2026-08-31,delivered
82,98,61,11,2,2026-06-27,delivered
83,44,74,24,1,2026-05-27,shipped
84,29,63,13,1,2025-09-03,delivered
85,84,22,22,2,2026-04-22,delivered
86,56,58,8,3,2024-07-14,shipped
87,19,41,16,1,2024-05-17,shipped
88,60,23,23,2,2024-10-21,delivered
89,74,20,20,1,2026-09-04,shipped
90,5,19,19,1,2025-02-24,delivered
91,99,24,24,3,2025-08-18,delivered
92,38,98,23,2,2026-08-26,shipped
93,96,43,18,1,2025-10-13,shipped
94,1,29,4,2,2023-12-16,shipped
95,7,21,21,2,2026-09-10,delivered
96,91,94,19,2,2026-09-07,delivered
97,83,20,20,1,2026-04-15,delivered
98,34,40,15,1,2023-12-28,shipped
99,9,13,13,3,2025-04-19,delivered
100,20,90,15,3,2026-03-23,delivered
